{"cameraMode":{"drawMode":0,"name":"Shaded","section":"Shading Mode"},"sceneLighting":true,"audioPlay":false,"sceneViewState":{"m_AlwaysRefresh":false,"showFog":true,"showSkybox":true,"showFlares":true,"showImageEffects":true,"showParticleSystems":true,"showVisualEffectGraphs":true,"m_FxEnabled":true},"in2DMode":false,"pivot":{"x":-17.642566680908204,"y":0.7852857112884522,"z":-8.92446517944336},"rotation":{"x":-0.005216882098466158,"y":0.9942426085472107,"z":-0.09122844785451889,"w":-0.05673281475901604},"size":17.721960067749025,"orthographic":false}