{"cameraMode":{"drawMode":0,"name":"Shaded","section":"Shading Mode"},"sceneLighting":true,"audioPlay":false,"sceneViewState":{"m_AlwaysRefresh":false,"showFog":true,"showSkybox":true,"showFlares":true,"showImageEffects":true,"showParticleSystems":true,"showVisualEffectGraphs":true,"m_FxEnabled":true},"in2DMode":false,"pivot":{"x":-404.4383850097656,"y":84.30789184570313,"z":-105.35899353027344},"rotation":{"x":0.07064441591501236,"y":-0.08353003114461899,"z":0.004427002277225256,"w":0.9942623376846314},"size":4.409274101257324,"orthographic":false}